,link
0,http://nld.com.vn/giao-duc-khoa-hoc/fpt-hop-tac-voi-chuoi-dai-hoc-dao-tao-nhan-luc-chat-luong-cao-20230307191047607.htm
1,http://nld.com.vn/giao-duc/dai-hoc-fpt-nang-cap-tinh-nang-cong-cu-chon-truong-20160415195135739.htm
2,http://nld.com.vn/phap-luat/luy-tinh-nam-sinh-dai-hoc-fpt-sat-hai-ban-gai-20220720134155076.htm
3,http://nld.com.vn/giao-duc-khoa-hoc/truong-dh-fpt-khong-tang-hoc-phi-sau-y-kien-cua-bo-gd-dt-20210813184917913.htm
4,http://nld.com.vn/giao-duc-khoa-hoc/gan-5000-tan-sinh-vien-truong-dh-fpt-khai-giang-nam-hoc-moi-2020092013521268.htm
5,http://nld.com.vn/giao-duc-khoa-hoc/truong-dh-dau-tien-tren-ca-nuoc-hoan-thanh-tuyen-sinh-nam-2020-20200922090114089.htm
6,http://nld.com.vn/giao-duc-khoa-hoc/truong-dh-fpt-xet-tuyen-thi-sinh-top-50-ky-thi-tot-nghiep-thpt-20200829093305454.htm
7,http://nld.com.vn/thoi-su/benh-nhan-covid-19-la-sinh-vien-dh-fpt-co-52-f1-nhieu-f1-da-ve-que-20210201101201306.htm
8,http://nld.com.vn/giao-duc/hanh-trinh-10-nam-doi-moi-giao-duc-dai-hoc-20161225174315773.htm
9,http://nld.com.vn/giao-duc-khoa-hoc/nu-sinh-17-tuoi-chuan-bi-tot-nghiep-dai-hoc-duoc-fpt-moi-ve-lam-viec-cap-hoc-bong-thac-si-2020032015404154.htm
10,http://nld.com.vn/giao-duc-khoa-hoc/truong-dh-fpt-khong-tang-hoc-phi-sau-y-kien-cua-bo-gd-dt-20210813184917913.htm
11,http://nld.com.vn/giao-duc-khoa-hoc/dai-hoc-quoc-gia-ha-noi-giu-vai-tro-dau-tau-trong-he-thong-giao-duc-dh-20230414193245659.htm
12,http://nld.com.vn/giao-duc-khoa-hoc/bo-gd-dt-de-nghi-truong-dh-fpt-khong-tang-hoc-phi-2021081219280428.htm
13,http://nld.com.vn/giao-duc-khoa-hoc/dai-hoc-fpt-dau-tu-694-ti-dong-xay-phan-hieu-chuyen-dao-tao-ai-tai-binh-dinh-20191220175723174.htm
14,https://nld.com.vn/giao-duc-khoa-hoc/dh-fpt-xet-tuyen-thang-du-hoc-sinh-cac-truong-top-1000-the-gioi-20200729184837884.htm
15,http://nld.com.vn/giao-duc/dai-hoc-fpt-tuyen-sinh-nganh-kien-truc-20160630200427333.htm
16,http://nld.com.vn/thoi-su/nam-sinh-vien-dh-fpt-hanh-hung-ban-do-mau-trong-trong-truong-20230521203514727.htm
17,http://nld.com.vn/giao-duc-khoa-hoc/nhieu-truong-cong-bo-phuong-an-tuyen-sinh-cap-ngan-hoc-bong-20230215163458548.htm
18,http://nld.com.vn/hoi-nhap/dai-hoc-fpt-duoc-chon-truong-kinh-doanh-tot-nhat-viet-nam-2013110307454937.htm
19,http://nld.com.vn/giao-duc-khoa-hoc/fpt-hop-tac-toan-dien-voi-truong-dh-bach-khoa-ha-noi-ve-cong-nghe-40-20201118184908042.htm
20,http://nld.com.vn/giao-duc-khoa-hoc/dai-hoc-fpt-can-tho-tuyen-sinh-nganh-hoc-moi-dau-tien-tai-dbscl-20190518193747447.htm
21,http://nld.com.vn/giao-duc-khoa-hoc/truong-dai-hoc-fpt-bi-phat-500-trieu-dong-201111230835435.htm
22,http://nld.com.vn/giao-duc-khoa-hoc/truong-dh-fpt-ra-mat-trang-xep-hang-hoc-sinh-thpt-20200331163617117.htm
23,http://nld.com.vn/thoi-su/2-me-con-mac-covid-19-du-tiec-cuoi-nguoi-con-di-hoc-tai-truong-dai-hoc-fpt-20210131200204941.htm
24,https://nld.com.vn/giao-duc-khoa-hoc/trang-369.htm
25,http://nld.com.vn/thoi-su/9000-sinh-vien-truong-dai-hoc-fpt-co-ca-mac-covid-19-da-ve-que-20210201171050002.htm
26,http://nld.com.vn/giao-duc-khoa-hoc/dai-hoc-tu-thuc-so-ke-cong-lap-ve-ty-le-sinh-vien-co-viec-lam-cao-20180810113653264.htm
27,https://nld.com.vn/giao-duc/dai-hoc-fpt-he-chinh-quy-xet-tuyen-bo-sung-200-chi-tieu-nguyen-vong-2-20160825191655013.htm
28,http://nld.com.vn/giao-duc-khoa-hoc/khoi-cong-xay-dung-truong-dai-hoc-fpt-20090814122032843.htm
29,http://nld.com.vn/giao-duc-khoa-hoc/dh-fpt-duoc-giao-quyen-tu-chu-170967.htm
30,http://nld.com.vn/thoi-su/cach-ly-1-nam-sinh-vien-o-ha-noi-ve-que-khong-khai-bao-y-te-ho-va-sot-39-do-c-202102041512285.htm
31,http://nld.com.vn/giao-duc-khoa-hoc/10-hoc-sinh-xuat-sac-nhan-hoc-bong-toan-phan-tu-dh-len-tien-si-20190725180701878.htm
32,http://nld.com.vn/phap-luat/nam-sinh-vien-dung-man-kich-bi-bat-coc-tong-tien-bo-me-20221107161003954.htm
33,http://nld.com.vn/giao-duc-khoa-hoc/dua-tuyen-sinh-dai-hoc-bang-chieu-tro-20200830231650182.htm
34,http://nld.com.vn/giao-duc/dai-hoc-fpt-nhan-ky-luc-ve-sieu-tri-nho-20160415193803891.htm
35,http://nld.com.vn/giao-duc-khoa-hoc/thu-khoa-hoc-vien-hau-can-den-tu-hoa-binh-da-nhap-hoc-tai-truong-dh-fpt-20190417081847384.htm
36,http://nld.com.vn/doanh-nghiep/dai-hoc-fpt-dau-tu-xay-dung-tai-khu-cong-nghe-cao-tp-hcm-20131006081717649.htm
37,https://nld.com.vn/giao-duc-khoa-hoc/dh-fpt-dao-tao-chung-chi-microsoft-oracle-atc-amazon-20160412155517755.htm
38,https://nld.com.vn/tuyen-sinh/gan-5000-thi-sinh-du-thi-tuyen-sinh-dh-fpt-188104.htm
39,http://nld.com.vn/thoi-su/xe-khach-cho-f1-va-22-f2-cua-bn-1815-tu-ha-noi-ve-nghe-an-20210201071601445.htm
40,http://nld.com.vn/thoi-su/ket-qua-xet-nghiem-nam-sinh-vien-fpt-ve-que-khong-khai-bao-y-te-ho-va-sot-39-do-c-20210204193009827.htm
41,http://nld.com.vn/giao-duc-khoa-hoc/ngay-65--dh-fpt-cong-bo-ket-qua-thi-222524.htm
42,http://nld.com.vn/giao-duc-khoa-hoc/sinh-vien-nhuong-phong-ky-tuc-xa-lam-noi-cach-ly-covid-19-20210520121126863.htm
43,http://nld.com.vn/giao-duc-khoa-hoc/hoc-dai-hoc-dedi-du-hoc-20180321152700475.htm
44,http://nld.com.vn/cong-nghe/gioi-tre-lam-ban-voi-nhac-cu-co-truyen-20220813202125705.htm
45,http://nld.com.vn/giai-tri/thac-si-truong-dh-fpt-thi-hoa-hau-moi-truong-viet-nam-2021-20210517074611798.htm
46,http://nld.com.vn/dao-tao/50-suat-tuyen-thang-va-hoc-bong-toan-phan-tai-dh-fpt-2012050304376314.htm
47,http://nld.com.vn/giao-duc-khoa-hoc/lap-lo-ten-goi-truong-dh-quoc-te-20211207201809008.htm
48,http://nld.com.vn/thoi-su/clip-dua-hon-1000-nguoi-dan-o-o-dich-nong-nhat-ha-noi-di-cach-ly-trong-dem-20210901211446853.htm
49,http://nld.com.vn/giao-duc-khoa-hoc/fpt-khoi-cong-to-hop-giao-duc-cong-nghe-cao-dau-tien-tai-dbscl-20171206142110619.htm
50,http://nld.com.vn/van-nghe/du-khach-thich-thu-kham-pha-dan-bau-tai-khong-gian-buu-dien-tp-hcm-20221211113724897.htm
51,https://nld.com.vn/p1017c1038/khoa-hoc/trang-28070.htm
52,https://nld.com.vn/kinh-te/dai-bieu-qh-kien-nghi-cho-fpt-thu-hoc-phi-bang-bitcoin-20171101084402231.htm
53,https://nld.com.vn/du-hoc-chi-phi-thap-n1051/trang-699.htm
54,http://nld.com.vn/giao-duc-khoa-hoc/tuyen-sinh/trang-23517.htm
55,http://nld.com.vn/giao-duc-khoa-hoc/danh-sach-45-truong-dai-hoc-bi-yeu-cau-dung-dao-tao-he-cao-dang-2019072819045517.htm
56,http://nld.com.vn/giao-duc-khoa-hoc/xu-ly-nghiem-truong-dh-tuyen-vuot-chi-tieu-20221225210942378.htm
57,http://nld.com.vn/giao-duc-khoa-hoc/hon-120-sinh-vien-tham-gia-cuoc-thi-cong-nghe-vi-dong-vat-hoang-da-20211114150101224.htm
58,http://nld.com.vn/tin-tuc/de-bai-trinh-tiet-trong-ki-thi-dau-vao-dh-fpt-20120409020934249.htm
59,https://nld.com.vn/giao-duc-khoa-hoc/truong-dh-fpt-tri-an-nhieu-giao-su-20160911213722723.htm
60,http://nld.com.vn/giao-duc-khoa-hoc/co-hoi-cuoi-cung-danh-cho-thi-sinh-20220925201523208.htm
61,http://nld.com.vn/giao-duc-khoa-hoc/xay-dung-mo-hinh-dai-hoc-so-tai-viet-nam-20230325204917624.htm
62,http://nld.com.vn/giao-duc-khoa-hoc/truong-dai-hoc-lo-lang-vi-thi-sinh-ao-cao-20220822203109439.htm
63,https://nld.com.vn/thoi-su-trong-nuoc/san-sang-mua-vat-the-la-roi-xuong-tuyen-quang-gia-100-trieu-20160104203509059.htm
64,http://nld.com.vn/giao-duc-khoa-hoc/hieu-truong-truong-dai-hoc-tre-nhat-viet-nam-35-tuoi-20140925173105485.htm
65,https://nld.com.vn/du-hoc-chi-phi-thap-n1051/trang-3824.htm/trang-3824.htm/trang-3824.htm
66,http://nld.com.vn/giao-duc-khoa-hoc/truong-dh-fpt-38-ti-dong-hoc-bong-cho-sinh-vien-20150718214938739.htm
67,https://nld.com.vn/che-cu-nhan-truong-tu-n889/trang-31.htm/che-cu-nhan-truong-tu/trang-31.htm
68,http://nld.com.vn/giao-duc-khoa-hoc/swinburne-viet-nam-len-tieng-ve-ten-goi-chuan-2022011723361103.htm
69,https://nld.com.vn/tuyen-sinh/doi-moi-nhan-thuc--nang-cao-chat-luong-dao-tao-de-dau-ra-co-chat-luong-cao-20110509101919298.htm
70,https://nld.com.vn/tim-duong-den-dia-diem-thi-nhanh-nhat-n672/trang-45.htm/trang-45.htm/trang-45.htm
71,http://nld.com.vn/giao-duc-khoa-hoc/co-chung-chi-ielts-thi-sinh-duoc-xet-tuyen-thang-vao-nhung-truong-dh-nao-20210303183030.htm
72,http://nld.com.vn/van-nghe/dua-nghe-thuat-dan-toc-den-gan-cong-chung-20220329211402319.htm
73,https://thitruong.nld.com.vn/tuyen-sinh/hoc-sinh-lop-11-duoc-tuyen-thang-vao-dai-hoc-fpt-20160415180212886.htm
74,http://nld.com.vn/giao-duc-khoa-hoc/them-hang-ngan-chi-tieu-xet-tuyen-bo-sung-vao-dh-20220920122940572.htm
75,https://nld.com.vn/nguyen-vong-3-vao-cac-truong-n536/trang-105.htm
76,http://nld.com.vn/giao-duc-khoa-hoc/dieu-chinh-nguyen-vong-xet-tuyen-dh-khong-gioi-han-so-lan-20220624065645893.htm
77,https://nld.com.vn/miley-cyrusteen-da-tai-n643/trang-813.htm/trang-813.htm
78,https://nld.com.vn/miley-cyrusteen-da-tai-n643/trang-273.htm/trang-273.htm/trang-273.htm
79,https://nld.com.vn/hai-hung-com-gia-re-n885/trang-239.htm/trang-239.htm/trang-239.htm
80,http://nld.com.vn/tin-tuc/fpt-da-trao-340-suat-hoc-bong-nguyen-van-dao-20120408072014517.htm
81,http://nld.com.vn/van-nghe/them-tin-vui-cho-nha-hat-tran-huu-trang-20221223164300675.htm
82,http://nld.com.vn/giao-duc-khoa-hoc/tuyen-sinh/trang-24987.htm
83,https://nld.com.vn/van-nghe/thi-doc-tau-va-hoa-tau-nhac-cu-dan-toc-toan-quoc-20230524205223147.htm
84,http://nld.com.vn/kinh-te/truong-dh-fpt-dao-tao-lai-o-to-cho-sinh-vien-20140916182655487.htm
85,https://nld.com.vn/thong-tin-tuyen-sinh-dh-2009-n478/trang-3255.htm/trang-3255.htm/trang-3255.htm
86,http://nld.com.vn/phap-luat/cai-ket-cua-cuu-giang-vien-dai-hoc-xuyen-tac-dang-va-nha-nuoc-20191031102044522.htm
87,http://nld.com.vn/cong-doan/nganh-cong-nghe-thong-tin-luong-cao-nhung-de-bi-dao-thai-20211028083045208.htm
88,https://thitruong.nld.com.vn/tuyen-sinh/9-loi-ich-khi-hoc-trung-cap-nghe-tai-truong-tcn-viet-giao-20160415181641632.htm
89,http://nld.com.vn/giao-duc-khoa-hoc/tuyen-sinh/trang-2697.htm
90,http://nld.com.vn/giao-duc-khoa-hoc/tuyen-sinh/trang-763.htm
91,https://nld.com.vn/giai-de-thi-dh-2009-n519/trang-677.htm/trang-677.htm/trang-677.htm
92,http://nld.com.vn/giao-duc-khoa-hoc/dh-lau-doi-nhat-ireland-hop-tac-voi-truong-dh-fpt-20150321214002329.htm
93,http://nld.com.vn/viec-lam/giai-quyet-con-khat-nhan-luc-cntt-can-chat-luong-hon-so-luong-20160415183917959.htm
94,https://nld.com.vn/giai-de-thi-dh-2009-n519/trang-698.htm/trang-698.htm
95,http://nld.com.vn/giao-duc-khoa-hoc/ban-khoan-viec-hoc-mot-luc-hai-nganh-dh-2013031707573489.htm
96,http://nld.com.vn/giao-duc-khoa-hoc/chinh-phu-cho-phep-thanh-lap-dai-hoc-tu-thuc-fpt-144806.htm
97,http://nld.com.vn/phap-luat/ngay-9-6-se-xu-vu-vang-anh-226632.htm
98,http://nld.com.vn/giao-duc-khoa-hoc/7-truong-dh-viet-nam-co-ten-o-bang-xep-hang-dh-chau-a-20181024090718311.htm
99,https://thitruong.nld.com.vn/doanh-nghiep-doanh-nhan/yourtv-dau-ra-cho-sinh-vien-hoc-vien-fpt-20181006172623028.htm
100,http://nld.com.vn/giao-duc-khoa-hoc/trang-22221.htm
101,http://nld.com.vn/giao-duc-khoa-hoc/tuyen-sinh/trang-7882.htm
102,https://nld.com.vn/tuyen-sinh/fpt-duoc-mo-truong-thpt-20130423092852651.htm
103,https://nld.com.vn/giao-duc-khoa-hoc/bao-cao-bo-truong-cong-an-truong-hop-thi-sinh-29-diem-truot-dh-20150917185151997.htm
104,http://nld.com.vn/giao-duc-khoa-hoc/truong-dh-dau-tien-o-binh-duong-tuyen-sinh-nganh-marketing-20200904145105837.htm
105,http://nld.com.vn/giao-duc-khoa-hoc/tuyen-sinh/trang-22187.htm
106,https://nld.com.vn/giao-duc-khoa-hoc/truc-tuyen-dua-truong-hoc-den-thi-sinh-tai-khanh-hoa-chon-marketing-hay-truyen-thong-2016030607594249.htm
107,http://nld.com.vn/van-nghe/cung-dan-dat-nuoc-lan-toa-am-nhac-dan-toc-den-gioi-tre-20210328204113805.htm
108,http://nld.com.vn/giao-duc-khoa-hoc/hoc-sinh-sinh-vien-duoc-mien-giam-hoc-phi-vi-dich-covid-19-20210816152103267.htm
109,http://nld.com.vn/giao-duc-khoa-hoc/fpt-elead-tai-tro-100-may-tinh-cho-chuong-trinh-tap-huan-su-dung-may-tinh-trong-tuyen-sinh-thcn-48373.htm
110,http://nld.com.vn/giao-duc-khoa-hoc/tuyen-sinh/trang-3380.htm
111,http://nld.com.vn/giao-duc-khoa-hoc/tuyen-sinh/trang-20640.htm
112,https://nld.com.vn/mua-tuyen-sinh-2008-n366/trang-188.htm
113,http://nld.com.vn/tin-hoc-nha-truong/moswc-2013-tiep-tuc-duoc-to-chuc-tai-viet-nam-20130227075149717.htm
114,http://nld.com.vn/giao-duc-khoa-hoc/tuyen-sinh/trang-4128.htm
115,http://nld.com.vn/giao-duc-khoa-hoc/dai-hoc-van-hien-len-ngoi-vo-dich-futsal-vug-toan-quoc-2018-20180507092332575.htm
116,http://nld.com.vn/tuyen-sinh/hoc-tai-viet-nam--lay-bang-thuy-sy-20110628065443490.htm
117,http://nld.com.vn/thoi-su/clip-nguoi-dan-phuong-thanh-xuan-trung-vui-mung-tro-ve-nha-sau-khi-hoan-thanh-cach-ly-y-te-20210924125414871.htm
118,https://nld.com.vn/20120322124448771p0c1017/dua-truong-hoc-den-ts-2012-tai-da-nang-nganh-thu-hut-kinh-te-quoc-te.htm
119,http://nld.com.vn/giao-duc-khoa-hoc/tu-van-tuyen-sinh-tai-da-nang-va-quang-nam-20110318115542765.htm
120,http://nld.com.vn/giao-duc-khoa-hoc/nhieu-truong-dh-kiem-tra-nang-luc-20160129121940878.htm
121,https://nld.com.vn/thoi-su-trong-nuoc/vu-che-cu-nhan-dan-lap-2-bo-gd-dt--noi-vu-chua-nam-20111021010328824.htm
122,https://nld.com.vn/giao-duc-khoa-hoc/trang-19409.htm
123,https://nld.com.vn/diem-san-xet-tuyen-dh-n1360.htm.htm.htm
124,http://nld.com.vn/giao-duc-khoa-hoc/can-nhac-ky-truoc-khi-nop-ho-so-20130312105639851.htm
125,http://nld.com.vn/the-thao/1500-thi-sinh-thi-tuyen-vao-hagl-20220605195139572.htm
126,http://nld.com.vn/giao-duc/dai-hoc-greenwich-viet-nam-tao-dung-moi-truong-da-van-hoa-cho-sinh-vien-mien-trung-20170621151841402.htm
127,http://nld.com.vn/giao-duc-khoa-hoc/vay-tien-o-dau-de-hoc-cd-dh--du-hoc-165149.htm
128,http://nld.com.vn/giao-duc-khoa-hoc/nguyen-vong-vao-kinh-te-cong-nghe-dang-phuc-hoi-20150130111203469.htm
129,http://nld.com.vn/khoa-hoc/phan-mem-quan-ly-dai-hoc-cua-hitachi-vao-viet-nam-20120502114512240.htm
130,http://nld.com.vn/giao-duc-khoa-hoc/hoc-sinh-mo-coi-cha-me-vi-covid-19-som-duoc-hoc-tai-truong-noi-tru-20210927220747563.htm
131,http://nld.com.vn/giao-duc-khoa-hoc/them-282-sinh-vien-dh-dong-a-duoc-tiep-nhan-lam-viec-tai-nhat-20200905113600885.htm
132,http://nld.com.vn/giao-duc-khoa-hoc/tuyen-sinh/trang-20820.htm
133,http://nld.com.vn/giao-duc-khoa-hoc/tuyen-sinh/trang-25715.htm
134,http://nld.com.vn/giao-duc-khoa-hoc/khai-tu-hang-loat-nganh-hoc-tuyen-khoi-b-2009032108363361.htm
135,http://nld.com.vn/giao-duc-khoa-hoc/tuyen-sinh/trang-8864.htm
136,http://nld.com.vn/giao-duc-khoa-hoc/phap-phu-lien-ket-dao-tao-voi-nuoc-ngoai-20220823221432778.htm
137,http://nld.com.vn/giao-duc-khoa-hoc/truong-dh-gia-dinh-mien-hoc-phi-cho-sinh-vien-dat-20-diem-tro-len-20210906153428819.htm
138,https://thitruong.nld.com.vn/vnmoney/acbs-bo-nhiem-pho-tong-giam-doc-20221005203601355.htm
139,http://nld.com.vn/suc-khoe/ket-qua-xet-nghiem-cua-mot-f1-tiep-xuc-hang-tram-nguoi-o-binh-duong-20210202141624259.htm
140,http://nld.com.vn/giao-duc-khoa-hoc/1000-cho-o-mien-phi-cho-thi-sinh-thi-dai-hoc-2010061512518253.htm
141,http://nld.com.vn/giao-duc-khoa-hoc/trung-dung-ky-tuc-xa-16-truong-dh-cd-o-ha-noi-lam-khu-cach-ly-dieu-tri-covid-19-20210723175130966.htm
142,http://nld.com.vn/giao-duc-khoa-hoc/co-so-nao-de-fpt-thu-hoc-phi-cao-171579.htm
143,http://nld.com.vn/thoi-su/chang-trai-xa-than-cuu-2-nguoi-duoi-nuoc-sinh-oi-con-hua-ve-ma-sao-di-mai-20190409072639182.htm
144,http://nld.com.vn/thoi-su-trong-nuoc/chi-co-mot-con-duong-hoc-that-thi-that-172101.htm
145,http://nld.com.vn/khoa-hoc/phan-mem-tiet-kiem-dien-cho-may-tinh-2011092109502637.htm
146,http://nld.com.vn/giao-duc/mot-ngay-hoc-mba-voi-doanh-nhan-hoang-nam-tien-201605231905311.htm
147,http://nld.com.vn/giao-duc/cao-dang-thuc-hanh-fpt-polytechnic-khai-giang-20160920190049439.htm
148,http://nld.com.vn/kinh-te/khanh-hoa-tap-doan-fpt-vua-tai-tro-quy-hoach-vua-de-xuat-3-du-an-voi-hon-850ha-20220309171845975.htm
149,https://nld.com.vn/doanh-nghiep-doanh-nhan/doanh-nghiep-bat-tay-truong-dai-hoc-uom-mam-nhan-luc-tuong-lai-20191129104253824.htm
150,http://nld.com.vn/p1002c1077/do-thi/trang-2740.htm
151,https://nld.com.vn/dia-oc/fpt-la-nha-tuyen-dung-hap-dan-nhat-trong-linh-vuc-cntt-20200509061812051.htm
152,http://nld.com.vn/giao-duc-khoa-hoc/tung-chieu-hut-thi-sinh-20150503201750669.htm
153,http://nld.com.vn/giao-duc-khoa-hoc/nganh-hoc-nao-se-de-xin-viec-20110216094251369.htm
154,http://nld.com.vn/giao-duc-khoa-hoc/thi-robotics-hoc-sinh-thpt-nhan-giai-thuong-2-ti-dong-20200108225208442.htm
155,https://nld.com.vn/chuyen-lam-an/cuu-ceo-fpt-khoi-nghiep-lai-o-tuoi-50-20161202143056531.htm
156,http://nld.com.vn/kinh-te/giao-dich-usd-trai-phep-bi-phat-nang-20111220112142885.htm
157,http://nld.com.vn/giao-duc/cao-dang-thuc-hanh-fpt-polytechnic-khai-giang-20160920190049439.htm
158,http://nld.com.vn/kinh-te/khanh-hoa-tap-doan-fpt-vua-tai-tro-quy-hoach-vua-de-xuat-3-du-an-voi-hon-850ha-20220309171845975.htm
159,http://nld.com.vn/khoa-hoc/ve-tinh-f-1--dau-an-viet-tren-vu-tru-20120721104523361.htm
160,https://nld.com.vn/tuyen-sinh/truong-dh-quoc-te-hong-bang-thi-danh-gia-nang-luc-de-xet-tuyen-20190116110655663.htm
161,http://nld.com.vn/giao-duc-khoa-hoc/dua-van-de-trinh-tiet-vao-de-thi-tuyen-sinh-dh-20120409052416923.htm
162,http://nld.com.vn/phap-luat/bat-2-nghi-pham-vu-dam-chet-nam-sinh-16-tuoi-20220831155040891.htm
163,https://nld.com.vn/giao-duc-khoa-hoc/thi-tot-nghiep-thpt-2020-chia-thi-sinh-thanh-4-nhom-20200729224124994.htm
164,https://nld.com.vn/giao-duc-khoa-hoc/dua-truong-hoc-den-thi-sinh-2016-lao-cong-tap-vu-cung-can-trai-nghiem-20160120225043075.htm
165,http://nld.com.vn/giao-duc-khoa-hoc/gs-mai-hong-quy-lam-hieu-truong-truong-dh-hoa-sen-20181218154532142.htm
166,https://nld.com.vn/kinh-te/novagroup-dau-tu-vi-su-phat-trien-ben-vung-20161108220304305.htm
167,https://thitruong.nld.com.vn/tuyen-sinh/nam-thu-3-dh-y-ha-noi-tuyen-sinh-nganh-cu-nhan-dinh-duong-20160415202649484.htm
168,https://nld.com.vn/tinh-yeu-hon-nhan/coi-troi-cho-uoc-mo-246110.htm
169,http://nld.com.vn/thoi-su/cac-truong-hop-lay-nhiem-covid-19-deu-rat-nhanh-tiep-xuc-rat-nhanh-da-duong-tinh-20210201175922199.htm
170,https://nld.com.vn/giao-duc-khoa-hoc/giam-chi-tieu-truong-cong-de-cuu-truong-tu-20170102083922914.htm
171,http://nld.com.vn/giao-duc-khoa-hoc/giao-duc-dai-hoc-thut-lui-vi-dau-dao-tao-vo-toi-va-20170111221053478.htm
172,http://nld.com.vn/giao-duc-khoa-hoc/nhieu-hoc-bong-hoc-thac-si-20100623023246635.htm
173,http://nld.com.vn/thoi-su/truong-dh-tuyen-sinh-cao-dang-cam-roi-lai-cho-201907292136414.htm
174,http://nld.com.vn/tin-hoc-nha-truong/sv-viet-nam-dat-1-giai-nhat-ky-thi-acmicpc-ha-noi-2012-20121201120920838.htm
175,http://nld.com.vn/cong-doan/chu-dong-dao-tao-nguon-nhan-luc-20230524202811308.htm
176,https://nld.com.vn/20130910072157185p1014c1088/vien-quan-tri-kinh-doanh-fsb-chinh-thuc-ra-mat-tai-tp-hcm.htm
177,https://phunu.nld.com.vn/giao-duc-khoa-hoc/hieu-truong-truong-dai-hoc-tre-nhat-viet-nam-35-tuoi-20140925173105485.htm
178,https://phunu.nld.com.vn/giao-duc-khoa-hoc/nu-sinh-17-tuoi-chuan-bi-tot-nghiep-dai-hoc-duoc-fpt-moi-ve-lam-viec-cap-hoc-bong-thac-si-2020032015404154.htm
179,http://nld.com.vn/giao-duc-khoa-hoc/vao-cao-dang-ngay-sau-thcs-huong-di-hot-nhung-can-nhieu-luu-y-20200810080147011.htm
180,https://nld.com.vn/giao-duc-khoa-hoc/dua-truong-hoc-den-thi-sinh-2016-khong-co-nganh-hot-chi-co-nguoi-hot-20160124080743963.htm
181,http://nld.com.vn/giao-duc-khoa-hoc/nhan-dien-va-can-thiep-khi-bi-hau-chan-tam-ly-2022031919465813.htm
182,http://nld.com.vn/giao-duc-khoa-hoc/thi-danh-gia-nang-luc-xu-the-tuyen-sinh-cua-cac-truong-dh-20211017200913732.htm
183,http://nld.com.vn/giao-duc-khoa-hoc/bat-ngo-khi-bo-truong-phung-xuan-nha-noi-bo-khong-ap-diem-san-nhom-nganh-suc-khoe-20190412142534613.htm
184,http://nld.com.vn/giao-duc-khoa-hoc/dh-bach-khoa-ha-noi-trien-khai-dong-hoc-phi-qua-viettelpay-20201009161921958.htm
185,http://nld.com.vn/giao-duc-khoa-hoc/can-xoa-nghich-ly-diem-uu-tien-20180114212531049.htm
186,http://nld.com.vn/giao-duc-khoa-hoc/sinh-vien-dhqg-tp-hcm-duoc-ho-tro-vay-khong-lai-suat-de-hoc-tap-20210820101220009.htm
187,http://nld.com.vn/giao-duc/fpt-mung-tuoi-43-trieu-dong-20160416005530318.htm
188,http://nld.com.vn/cong-nghe-thong-tin/fpt-english-town-lop-hoc-tieng-anh-truc-tuyen-dau-tien-o-vn-67983.htm
189,http://nld.com.vn/suc-khoe/ha-noi-phat-hien-them-2-ca-covid-19-lay-nhiem-trong-cong-dong-20210131224858069.htm
190,http://nld.com.vn/giao-duc-khoa-hoc/vinif-ho-tro-5-co-so-dao-tao-dau-nganh-dao-tao-thac-si-khoa-hoc-du-lieu-20200718170015147.htm
191,http://nld.com.vn/giao-duc-khoa-hoc/co-chung-chi-ielts-thi-sinh-duoc-xet-tuyen-thang-vao-nhung-truong-dh-nao-20210303183030.htm
192,http://nld.com.vn/thoi-su/lo-hoc-phi-dai-hoc-tang-2021041922375603.htm
193,http://nld.com.vn/suc-khoe/2-o-dich-phuc-tap-o-ha-noi-da-co-538-ca-mac-covid-19-20210904072127682.htm
194,http://nld.com.vn/tuyen-sinh/cac-dai-hoc-ne-to-chuc-tuyen-sinh-rieng-nam-2014-20140528145803638.htm
195,http://nld.com.vn/mien-tay/dat-xanh-mien-tay-ky-hop-tac-dao-tao-voi-nhieu-truong-dai-hoc-cao-dang-20220316160817286.htm
196,http://nld.com.vn/giao-duc-khoa-hoc/co-ca-mac-covid-19-de-nghi-sinh-vien-han-che-toi-da-roi-khoi-noi-cu-tru-de-chong-dich-20210202112941708.htm
197,https://nld.com.vn/giao-duc-khoa-hoc/ngoi-sao-viet-tren-bau-troi-khoa-hoc-the-gioi-20130205012027159.htm
198,http://nld.com.vn/giao-duc-khoa-hoc/trung-tuyen-dh-qua-de-20200914221349559.htm
199,http://nld.com.vn/tieu-dung/trai-tranh-bien-thanh-nien-20141014210108244.htm
200,http://nld.com.vn/giao-duc-khoa-hoc/bat-ngo-cho-phep-45-truong-dai-hoc-duoc-tuyen-sinh-cao-dang-tro-lai-20190729183755901.htm
201,http://nld.com.vn/thoi-su/nguoi-di-cach-ly-vi-dich-covid-19-duoc-xem-phim-bom-tan-mien-phi-20200323180348976.htm
202,http://nld.com.vn/thoi-su/hon-90-nguoi-tai-2-truong-hoc-lien-quan-den-benh-nhan-1819-20210201115058131.htm
203,https://nld.com.vn/giao-duc-khoa-hoc/nu-sinh-lop-12-o-nghe-an-noi-luu-loat-7-thu-tieng-20160307124144971.htm
204,http://nld.com.vn/giao-duc-khoa-hoc/bay-voi-nam-rong-20120128091716338.htm
205,http://nld.com.vn/giao-duc/dh-fpt-mien-le-phi-thi-toeic-20160605180731775.htm
206,http://nld.com.vn/cong-doan/dong-gop-hon-22-ti-dong-cham-lo-cho-con-em-trong-nganh-cao-su-2019092912061275.htm
207,http://nld.com.vn/khoa-hoc/ve-tinh-f-1-cua-viet-nam-san-sang-bay-vao-vu-tru-2012071609404165.htm
208,https://nld.com.vn/giao-duc-khoa-hoc/sinh-vien-7-truong-dai-hoc-mien-trung-tay-nguyen-tranh-tai-20230520130004005.htm
209,http://nld.com.vn/kinh-te/vinashin-va-fpt-hop-tac-chien-luoc-171730.htm
210,http://nld.com.vn/giao-duc-khoa-hoc/hoc-sinh-56-tinh-thanh-nghi-hoc-mo-he-thong-hoc-truc-tuyen-trong-1-thang-20200204162332703.htm
211,https://nld.com.vn/giao-duc-khoa-hoc/dua-truong-hoc-den-thi-sinh-tai-lam-dong-hoc-du-lich-co-de-tim-viec-20160305140656578.htm
212,http://nld.com.vn/thoi-su/thu-tuong-malaysia-lai-thu-xe-vinfast-o-toc-do-100-km-gio-20190828151813503.htm
213,http://nld.com.vn/giao-duc-khoa-hoc/truong-dh-tay-do-khai-giang-nam-hoc-dau-tien-170934.htm
214,http://nld.com.vn/giao-duc-khoa-hoc/xuat-khau-giao-duc-tai-sao-khong-20140928215434911.htm
215,http://nld.com.vn/giao-duc/fpt-polytechnic-hop-tac-cung-chuoi-nha-hang-my-way-20160415211229116.htm
216,https://nld.com.vn/giao-duc-khoa-hoc/che-cu-nhan-truong-tu-2011101711480934.htm
217,http://nld.com.vn/doanh-nghiep/phan-mem-quan-ly-dai-hoc-cua-hitachi-vao-viet-nam-2012043010243971.htm
218,http://nld.com.vn/doanh-nghiep/fpt-va-taxi-tien-sa-ky-ket-hop-dong-dao-tao-tieng-anh-cho-lai-xe-20180626150419381.htm
219,http://nld.com.vn/giao-duc-khoa-hoc/thu-khoa-dai-hoc-bay-gio-ra-sao-20140810214308309.htm
220,https://nld.com.vn/tuyen-sinh/tuyen-sinh-2014-dung-dang-rieng-chung-20140528150409636.htm
221,https://thitruong.nld.com.vn/tuyen-sinh/chuoi-hoi-thao-tu-van-tuyen-sinh-dai-hoc-my-20160415192729264.htm
222,http://nld.com.vn/giao-duc-khoa-hoc/dai-hoc--cao-dang-tu-than-khoc-20121219112857542.htm
223,https://nld.com.vn/giao-duc-khoa-hoc/1000-ti-mo-truong-dh-de-vo-tran-20170522221227956.htm
224,http://nld.com.vn/xa-hoi/da-nang-se-co-khu-do-thi-cong-nghe-kieu-mau-20100516012156246.htm
225,http://nld.com.vn/giao-duc-khoa-hoc/nhung-truong-dh-tren-ban-ve-221269.htm
226,http://nld.com.vn/giao-duc-khoa-hoc/do-xo-vao-khoi-nganh-kinh-te-185000.htm
227,http://nld.com.vn/giao-duc-khoa-hoc/cuoi-te-ghe-voi-clip-cam-do-doi-sinh-vien-2012091810195914.htm
228,http://nld.com.vn/giao-duc-khoa-hoc/hoc-sinh-quang-nam-bat-bi-lanh-dao-cac-truong-dh--cd-20130316080342924.htm
229,http://nld.com.vn/e/mo-cai-ngan-vang-dong-cai-tu-duy-20120421092425271.htm
230,http://nld.com.vn/tin-tuc/hitachi-hop-tac-cung-fpt-trong-linh-vuc-phan-mem-giao-duc-20111230100347456.htm
231,http://nld.com.vn/thong-tin-dao-tao/mini-mba-cho-cac-nha-quan-ly-20110812081719363.htm
232,http://nld.com.vn/giao-duc-khoa-hoc/hoc-vat-ly-hat-nhan-lam-viec-o-dau-20150202093720345.htm
233,http://nld.com.vn/tin-tuc/12-sinh-vien-viet-nam-dau-tien-nhan-hoc-bong-tu-huawei-20151014194153236.htm
234,http://nld.com.vn/kinh-te/thu-hoc-phi-bang-bitcoin-rui-ro-lon-20171027214311894.htm
235,https://nld.com.vn/thoi-su-trong-nuoc/trao-51-giai-thuong-sao-khue-nam-2009-20090425124847196.htm
236,https://nld.com.vn/trich-dan-hay/thu-hoc-phi-bang-bitcoin-la-choi-voi-lua-20171027151201288.htm
237,https://nld.com.vn/giao-duc-khoa-hoc/ra-truong-that-nghiep-loi-tai-ai-20140315232150798.htm
238,http://nld.com.vn/viec-lam/viet-nam-la-doi-tac-chien-luoc-thu-ba-ve-san-xuat-phan-mem-cua-nhat-224979.htm
239,http://nld.com.vn/giao-duc-khoa-hoc/tu-van-huong-nghiep-tuyen-sinh-tai-truong-thpt-nguyen-huu-huan-218151.htm
240,http://nld.com.vn/tin-tuc/sap-gioi-thieu-thi-truong-cntt-nhat-ban-tai-qtsc-20120222123752285.htm
241,http://nld.com.vn/tin-hoc-nha-truong/cuu-ceo-cua-apple-va-pepsi-den-viet-nam-20120424015623112.htm
242,http://nld.com.vn/cong-nghe-thong-tin/tro-thanh-chuyen-gia-tin-hoc-theo-con-duong-phi-dai-hoc-127323.htm
243,http://nld.com.vn/giao-duc/fpt-polytechnic-ho-tro-15-ti-dong-cho-sinh-vien-20160415220401999.htm
244,https://thitruong.nld.com.vn/nha-dep/top-10-cong-trinh-cua-nam-20160415235819227.htm
245,https://nld.com.vn/giao-duc/tra-cuu-diem-thi-thpt-quoc-gia-mien-phi-20160726175648801.htm
246,http://nld.com.vn/giao-duc/xuat-khau-giao-duc-dung-vi-tri-nao-trong-nen-kinh-te-20160415202637817.htm
247,https://thitruong.nld.com.vn/tuyen-sinh/sinh-vien-dh-hoa-sen-de-tim-duoc-viec-lam-2016062619124338.htm
248,https://nld.com.vn/thoi-su/xon-xao-hinh-anh-le-tong-ket-nam-hoc-hoanh-trang-20230525204906854.htm
249,https://nld.com.vn/khoa-hoc/ve-tinh-dau-tien-do-vn-che-tao-phong-thanh-cong-20120721085521246.htm
250,https://nld.com.vn/cong-doan/hoc-bac-song-chia-se-yeu-thuong-20230526193959052.htm
251,https://nld.com.vn/the-thao/v-league-2023-thanh-hoa-truoc-co-hoi-but-toc-20230525210958413.htm
252,http://nld.com.vn/tin-hoc-nha-truong/doanh-nghiep-it-thich-tuyen-sinh-vien-truong-nao-20130413112412715.htm
253,http://nld.com.vn/giao-duc-khoa-hoc/ban-khoan-viec-lam-sau-khi-tot-nghiep-2012032312004440.htm
254,http://nld.com.vn/tuyen-sinh/hoc-bong-tri-gia-3000-tu-dai-hoc-cityu-20110513011032224.htm
255,http://nld.com.vn/kinh-te/hai-ong-lon-nganh-ban-le-khong-con-lai-20230429141057751.htm
256,https://nld.com.vn/kinh-te/ngan-hang-quoc-dan-he-lo-gia-ban-203-trieu-co-phan-bamboo-airways-20230526142431311.htm
257,https://nld.com.vn/thoi-su/can-canh-dai-cong-trinh-xay-dung-trai-phep-tren-dao-giap-ranh-binh-dinh-phu-yen-20230526092620139.htm
258,https://nld.com.vn/giao-duc-khoa-hoc/hon-7400-hoc-sinh-doat-giai-quoc-gia-violympic-2021-2022-20220602160734488.htm
259,https://nld.com.vn/thoi-su/xe-may-cho-ba-tong-vao-xe-tai-2-hoc-sinh-tu-vong-20230527135722687.htm
260,https://nld.com.vn/an-ninh-trat-tu/pha-cua-vao-trom-28-dien-thoai-iphone-1-may-tinh-mcbook-20230526200951688.htm
261,https://nld.com.vn/du-lich-xanh/hue-thap-sang-7-doa-hoa-sen-trong-mua-phat-dan-20230526220909299.htm
262,https://nld.com.vn/the-thao/tuyen-nu-viet-nam-lam-quen-voi-trai-bong-danh-rieng-cho-world-cup-nu-2023-20230526202534215.htm
263,http://nld.com.vn/viec-lam/tranh-bay-mao-danh-lua-dao-viec-lam-20230526194203864.htm
264,https://nld.com.vn/giao-duc-khoa-hoc/hon-11000-hoc-sinh-du-thi-vong-quoc-gia-violympic-2019-2020-2020062911220933.htm
265,https://nld.com.vn/kinh-te/vietlott-chi-tra-3430-ti-dong-tien-thuong-va-hon-500-ti-dong-tien-hoa-hong-20230527123106955.htm
266,https://nld.com.vn/thoi-su/truy-tim-nan-nhan-lien-quan-den-2-doan-chan-duoc-phat-hien-tai-bai-dat-trong-20230525125145255.htm
267,https://nld.com.vn/thoi-su/vu-hoa-don-ghi-phong-bi-cho-dang-kiem-loi-do-nhan-vien-danh-may-20230526115415975.htm
268,http://nld.com.vn/thoi-su/no-lon-tai-quan-lau-mi-cay-7-cap-nhan-vien-bi-thoi-bay-ca-ao-dang-mac-20230527152309357.htm
269,https://nld.com.vn/dia-phuong/doi-song-tinh-thanh.htm
270,http://nld.com.vn/thoi-su/tp-hcm-da-chi-boi-thuong-2773-ti-dong-cho-du-an-vanh-dai-3-2023052715255678.htm
271,https://nld.com.vn/kinh-te/go-kho-cho-cac-du-an-bat-dong-san-o-binh-duong-20230527144207676.htm
272,https://nld.com.vn/ban-doc/lang-nghe-nguoi-dan-hien-ke-mo-hinh-tod-loi-ra-cho-tp-hcm-20230526202127745.htm
273,https://nld.com.vn/thoi-su/du-an-khu-biet-thu-da-lat-five-star-happy-valle-khong-du-dieu-kien-cap-phep-20230525115224291.htm
274,https://nld.com.vn/kinh-te/bac-lieu-khanh-thanh-nha-may-che-bien-thuy-san-400-ti-dong-20230519204048561.htm
275,https://nld.com.vn/the-thao/the-thao-viet-nam-vung-vang-ngoi-dau-20230516222335495.htm
276,https://nld.com.vn/kinh-te/keo-khach-tro-lai-phu-quoc-20230515221846478.htm
277,https://nld.com.vn/thoi-su/nhat-duoc-58-trieu-dong-anh-nguyen-quoc-tuan-tim-kho-chu-de-tra-lai-20230519145241303.htm
278,https://nld.com.vn/thoi-su/dat-xe-dap-qua-duong-sat-cu-ong-86-tuoi-bi-tau-hoa-tong-tu-vong-20230317122223666.htm
279,https://nld.com.vn/thoi-su-quoc-te/my-trung-quoc-tha-vat-the-khong-xac-dinh-vao-quy-dao-trai-dat-20230521085157909.htm
280,https://nld.com.vn/thoi-su/nguoi-dan-ong-tu-vong-khi-bang-qua-duong-sat-xe-may-bi-keo-le-100-m-20230311152925423.htm
281,http://nld.com.vn/kinh-te/chi-tiet-lich-cat-dien-o-ha-noi-ngay-21-5-20230520213451631.htm
282,https://nld.com.vn/thoi-su-quoc-te/an-do-noi-thu-tinh-cham-lua-thieu-song-co-gai-tre-20230519135926435.htm
283,https://nld.com.vn/chinh-tri/thu-tuong-bo-nhiem-tu-lenh-quan-chung-phong-khong-khong-quan-20230519192158984.htm
284,https://nld.com.vn/thoi-su/bo-truong-to-lam-noi-ve-bo-so-ho-khau-giay-tu-cuoi-nam-2022-20221104124034091.htm
285,http://nld.com.vn/thoi-su/qua-dinh-vi-gps-thu-hoi-phu-hieu-569-phuong-tien-vi-pham-toc-do-20230527080500161.htm
286,https://nld.com.vn/giai-tri/lai-bi-chi-trich-chuyen-tu-thien-thuy-tien-dap-tra-gay-gat-20230526074854406.htm
287,https://nld.com.vn/thoi-su/so-tai-nguyen-moi-truong-tp-hcm-muon-lam-viec-voi-bi-thu-21-quan-huyen-va-tp-thu-duc-20230516090510903.htm
288,https://nld.com.vn/suc-khoe/nam-sinh-lop-9-nhap-vien-cap-cuu-sau-khi-thu-co-my-ban-gan-truong-20230519125803169.htm
289,https://nld.com.vn/tu-hao-co-to-quoc/them-15000-la-co-to-quoc-den-voi-quang-ngai-20230521222118532.htm
290,http://nld.com.vn/phap-luat/vu-trom-ky-la-o-an-giang-bat-tam-giam-2-doi-tuong-20230527090918851.htm
291,http://nld.com.vn/so-hoa/hiep-hoi-blockchain-viet-nam-ky-niem-1-nam-thanh-lap-2023051811465585.htm
292,https://nld.com.vn/thoi-su-quoc-te/bo-con-vua-chao-doi-trong-tui-ni-long-vut-o-rung-de-khong-ai-phat-hien-20230521083807972.htm
293,https://nld.com.vn/thoi-su/doan-nghi-le-cong-an-nhan-dan-bieu-dien-tren-duong-pho-da-nang-20230430081102927.htm
294,https://nld.com.vn/kinh-te/bat-ngo-72-trieu-co-phieu-mot-cong-ty-chung-khoan-trao-tay-20230519175025883.htm
295,https://nld.com.vn/thoi-su/be-hui-1000-nguoi-lao-dao-20191015214429053.htm
296,https://nld.com.vn/cong-doan/hon-1000-viec-lam-cho-sinh-vien-nguoi-lao-dong-20230526194630621.htm
297,https://nld.com.vn/thoi-su/cuu-chu-tich-huyen-tham-o-tien-lam-nghia-trang-liet-si-xin-giam-doc-tham-20230310162618951.htm
298,https://nld.com.vn/giai-tri/cam-ly-rung-roi-khi-nghe-tin-minh-qua-doi-20220117080146602.htm
299,https://nld.com.vn/oto-xe-dien-may/ban-le-cong-nghe-dien-may-so-ke-khoc-liet-20230422204929227.htm
300,https://nld.com.vn/kinh-te/gia-vang-hom-nay-25-5-dao-chieu-di-xuong-20230525062200236.htm
301,https://nld.com.vn/kinh-te/da-mat-voi-xe-dien-dang-trinh-dien-o-tp-hcm-20230518132728439.htm
302,https://nld.com.vn/thoi-su/nang-nong-sap-cham-dut-mua-dong-dien-rong-va-mua-lon-cuc-bo-nhieu-noi-20230522171338135.htm
303,https://nld.com.vn/thoi-su/thuc-hu-viec-cuc-csgt-do-nong-do-con-tu-8-gio-den-22-gio-tai-da-nang-2023052316295175.htm
304,https://nld.com.vn/thoi-su/4-nhom-hanh-vi-nguy-hiem-cua-nguoi-dan-song-gan-san-bay-20230526181838917.htm
305,http://nld.com.vn/tieu-dung/phat-hien-nhieu-hang-hoa-nhap-lau-2013041109264033.htm
306,http://nld.com.vn/tin-hoc-nha-truong/dai-hoc-fpt-tuyen-sinh-nhieu-chuyen-nganh-cntt-moi-201121774700.htm
307,http://nld.com.vn/dao-tao/he-thong-dao-tao-quoc-te-cua-fpt-201098105500.htm
308,https://nld.com.vn/van-nghe/khac-phuc-bat-cap-trong-ton-vinh-nghe-nhan-20230526211632386.htm
309,https://nld.com.vn/suc-khoe/covid-19-mau-do-lan-den-trung-quoc-dong-nam-a-tang-manh-20230526073912261.htm
310,https://nld.com.vn/thoi-su/binh-dinh-dieu-dong-bo-nhiem-nhieu-chuc-danh-nhan-su-chu-chot-20210615071455738.htm
311,https://nld.com.vn/thoi-su-quoc-te/ukraine-tuyen-bo-ban-ha-10-ten-lua-o-kiev-20230527082112001.htm
312,http://nld.com.vn/tin-tuc/hoc-vien-phan-cung-va-mang-fpt-jetking-tuyen-sinh-2012032207504422.htm
313,https://vtc.vn/dai-hoc-fpt-tuyen-bo-sung-1-000-chi-tieu-ar704456.html
314,https://vtc.vn/dh-fpt-dieu-chinh-khung-hoc-phi-ar630631.html
315,https://vtc.vn/bo-gd-dt-de-nghi-dai-hoc-fpt-khong-tang-hoc-phi-nam-hoc-2021-2022-ar630451.html
316,https://vtc.vn/tieu-diem/dai-hoc-fpt.html
317,https://vtc.vn/sinh-vien-dai-hoc-fpt-duong-tinh-voi-sars-cov-2-ar593856.html
318,https://vtc.vn/dai-hoc-fpt-cong-bo-tuyen-sinh-bo-sung-he-dai-hoc-chinh-quy-nam-2022-ar701841.html
319,https://vtc.vn/truong-dh-fpt-trien-khai-du-an-cong-dong-day-ngoai-ngu-ky-nang-mem-cho-hoc-sinh-ar710170.html
320,https://vtc.vn/dai-hoc-fpt-trao-1000-hoc-bong-cho-hoc-sinh-thpt-toan-quoc-ar740568.html
321,https://vtc.vn/dai-hoc-fpt-tuyen-sinh-4400-chi-tieu-nam-2018-ar390608.html
322,https://vtc.vn/dai-hoc-cua-viet-nam-xuat-hien-trong-danh-sach-xep-hang-dai-hoc-toan-cau-ar673860.html
323,https://vtc.vn/dat-kiem-dinh-chat-luong-dai-hoc-fpt-duoc-tu-chu-trong-mo-nganh-va-lien-ket-dao-tao-ar492374.html
324,https://vtc.vn/dai-hoc-fpt-co-ca-covid-19-52-sinh-vien-va-10-truong-thpt-phai-cach-ly-ar594044.html
325,https://vtc.vn/dai-hoc-fpt-duoc-do-phong-toa-ar594568.html
326,https://vtc.vn/mau-thuan-ca-nhan-sinh-vien-dai-hoc-o-thu-do-danh-ban-chay-mau-tai-truong-hoc-ar784293.html
327,https://vtc.vn/truong-dai-hoc-fpt-cap-hoc-bong-cho-thi-sinh-la-hoa-hau-nguoi-mau-ar467913.html
328,https://vtc.vn/truong-dai-hoc-xin-loi-do-su-co-lo-de-tieng-anh-khien-600-sinh-vien-phai-thi-lai-ar712210.html
329,https://vtc.vn/loat-nghe-si-dinh-dam-quy-tu-tai-music-tour-cua-dai-hoc-fpt-ar681462.html
330,https://vtc.vn/chan-dung-ba-chang-trai-tre-tuoi-tai-nang-truong-thanh-tu-dai-hoc-fpt-ar551511.html
331,https://vtc.vn/hoc-phi-tang-kich-tran-cac-truong-thu-hut-sinh-vien-cach-nao-ar694210.html
332,https://vtc.vn/tuyen-sinh-vuot-chi-tieu-truong-dai-hoc-da-nhon-luat-ar736608.html
333,https://vtc.vn/dh-fpt-trao-hoc-bong-toan-phan-ve-tri-tue-nhan-tao-cho-hoc-sinh-xuat-sac-tinh-binh-dinh-ar489009.html
334,https://vtc.vn/dai-hoc-fpt-cho-sinh-vien-dong-hoc-phi-bang-bitcoin-ar359094.html
335,https://vtc.vn/hoa-khoi-dai-hoc-fpt-khoe-vu-dao-nong-bong-chao-don-giang-sinh-ar518163.html
336,https://vtc.vn/tuyen-sinh-dai-hoc-2023-se-loai-phuong-thuc-tuyen-sinh-gay-nhieu-ar705804.html
337,https://vtc.vn/tieu-diem/dai-hoc-fpt/trang-3.html
338,https://vtc.vn/nhung-nu-sinh-tai-sac-ven-toan-cua-dai-hoc-fpt-khien-trai-tim-bao-chang-trai-xao-xuyen-ar488354.html
339,https://vtc.vn/chuyen-gia-lo-ngai-tinh-trang-o-at-nang-truong-dai-hoc-thanh-dai-hoc-ar719078.html
340,https://vtc.vn/hieu-truong-dai-hoc-fpt-chon-so-13-do-la-so-menh-ar349455.html
341,https://vtc.vn/dai-hoc-dau-tien-mo-nganh-tri-tue-nhan-tao-internet-van-vat-nam-2019-ar466949.html
342,https://vtc.vn/dai-hoc-viet-chieu-mo-tai-nang-bang-hoc-bong-3-ty-dong-ar393511.html
343,https://vtc.vn/quy-tu-20-truong-dai-hoc-lon-vinhomes-grand-park-thanh-tam-diem-bds-tai-thu-duc-ar666295.html
344,https://vtc.vn/fpt-bao-tay-thiet-lap-cac-trung-tam-cong-nghe-quy-mo-lon-ar368006.html
345,https://vtc.vn/5-truong-dai-hoc-doanh-thu-hon-1-000-ty-nam-ar692132.html
346,https://vtc.vn/dai-hoc-fpt-co-hieu-truong-moi-ar289510.html
347,https://vtc.vn/khoi-can-di-du-hoc-ngay-tai-viet-nam-cung-co-nhung-to-hop-dai-hoc-dep-nhu-chau-au-ar420245.html
348,https://vtc.vn/thu-khoa-ky-thi-tot-nghiep-thpt-2021-chon-truong-dai-hoc-nao-ar637267.html
349,https://vtc.vn/nam-sinh-ca-mau-ngu-quen-trong-phong-thi-tot-nghiep-thpt-da-nhap-hoc-ar704989.html
350,https://vtc.vn/nu-sinh-dai-hoc-fpt-tu-choi-luong-15-trieu-dong-thang-quyet-khoi-nghiep-tu-con-so-0-ar417282.html
351,https://vtc.vn/anh-don-doan-nguoi-dau-tien-ve-khu-cach-ly-tai-ky-tuc-xa-dai-hoc-fpt-ar535679.html
352,https://vtc.vn/fpt-sap-xuat-khau-dai-hoc-sang-lao-ar101018.html
353,https://vtc.vn/dai-hoc-fpt-cong-bo-800-suat-hoc-bong-hap-dan-ar3120.html
354,https://vtc.vn/bang-xep-hang-dai-hoc-viet-nam-nhieu-du-lieu-danh-gia-thieu-thuyet-phuc-ar743702.html
355,https://vtc.vn/thanh-lap-truong-pho-thong-lien-cap-fpt-bac-giang-ar761099.html
356,https://vtc.vn/nam-sinh-dai-hoc-fpt-mat-tich-bi-an-ar290810.html
357,https://vtc.vn/mat-chua-den-5-phut-nam-sinh-quang-binh-gianh-hoc-bong-hang-tram-trieu-dong-ar556168.html
358,https://vtc.vn/quy-che-tuyen-sinh-dai-hoc-fpt-nam-2018-co-gi-moi-ar389271.html
359,https://vtc.vn/thu-hoc-phi-bang-bitcoin-dai-hoc-fpt-se-bi-xu-phat-the-nao-ar359454.html
360,https://vtc.vn/ban-giao-ky-tuc-xa-gan-3-000-cho-phuc-vu-cong-tac-cach-ly-covid-19-o-ha-noi-ar613216.html
361,https://vtc.vn/nhieu-dai-hoc-lap-man-hinh-led-sieu-khung-co-vu-doi-tuyen-bong-da-viet-nam-ar515256.html
362,https://vtc.vn/dai-hoc-fpt-tuyen-1301-chi-tieu-nam-2019-ar451612.html
363,https://vtc.vn/sinh-vien-fpt-trai-nghiem-mot-hoc-ky-nuoc-ngoai-ar204480.html
364,https://vtc.vn/hom-nay-thi-sinh-bat-dau-dang-ky-nguyen-vong-xet-tuyen-dai-hoc-ar688807.html
365,https://vtc.vn/sang-tac-bai-rap-su-viet-nam-sinh-gianh-hoc-bong-100-vao-thang-dai-hoc-ar690030.html
366,https://vtc.vn/bai-thi-rieng-vao-nganh-kien-truc-dai-hoc-fpt-nam-2016-ar264140.html
367,https://vtc.vn/dai-hoc-fpt-tuyen-hon-600-chi-tieu-nguyen-vong-2-ar221025.html
368,https://vtc.vn/nu-sinh-xinh-dep-dai-hoc-fpt-hoa-nang-tho-giua-vuon-hoa-xuan-ar380567.html
369,https://vtc.vn/7-dai-hoc-cua-viet-nam-lot-top-1-000-truong-nhieu-dong-gop-nhat-the-gioi-ar673766.html
370,https://vtc.vn/lich-cong-bo-diem-chuan-cua-cac-truong-dai-hoc-ar699938.html
371,https://vtc.vn/bat-mi-bai-thi-rieng-vao-dai-hoc-fpt-nam-2016-ar270226.html
372,https://vtc.vn/dai-hoc-fpt-cong-bo-ke-hoach-tuyen-sinh-dot-2-nam-2016-ar268038.html
373,https://vtc.vn/dai-hoc-fpt-thong-bao-muc-hoc-phi-nam-hoc-2017-ar337202.html
374,https://vtc.vn/9-buoc-quan-trong-khi-dang-ky-nguyen-vong-xet-tuyen-dai-hoc-truc-tuyen-ar688806.html
375,https://vtc.vn/giao-duc-31/trang-826.html
376,https://vtc.vn/dai-hoc-fpt-vo-dich-lap-trinh-vien-sinh-vien-quoc-gia-ar95876.html
377,https://vtc.vn/dai-hoc-fpt-de-trinh-tiet-la-de-kiem-tra-tu-duy-ar75857.html
378,https://vtc.vn/chinh-thuc-bo-nhiem-hieu-truong-dai-hoc-tre-nhat-viet-nam-d174855.html
379,https://vtc.vn/thu-khoa-dai-hoc-fpt-lan-dau-tien-phong-van-xin-viec-da-bi-loai-khoi-vong-gui-xe-ar344944.html
380,https://vtc.vn/funix-hop-tac-voi-city-university-of-seattle-mo-ra-co-hoi-lay-bang-dai-hoc-my-ar631384.html
381,https://vtc.vn/giai-phap-nao-de-nang-cao-chat-luong-cac-chuong-trinh-dao-tao-lien-ket-quoc-te-ar696383.html
382,https://vtc.vn/lo-dien-hoa-khoi-xinh-dep-dai-hoc-fpt-ar105489.html
383,https://vtc.vn/fpt-polytechnic-hop-tac-udemy-mang-kho-hoc-lieu-toan-cau-den-voi-sinh-vien-ar720440.html
384,https://vtc.vn/giao-duc-31/trang-27.html
385,https://vtc.vn/dai-hoc-viet-duy-nhat-gianh-5-sao-cho-ty-le-viec-lam-ar236340.html
386,https://vtc.vn/fptu-virtual-career-2020-co-hoi-viec-lam-cho-sinh-vien-ar583661.html
387,https://vtc.vn/dai-hoc-fpt-dung-dau-ve-hoc-phi-khung-ar74130.html
388,https://vtc.vn/tieu-diem/dai-hoc-fpt/trang-5.html
389,https://vtc.vn/dai-hoc-dua-boi-loi-vao-chuong-trinh-dao-tao-ar267190.html
390,https://vtc.vn/lich-nghi-tet-nguyen-dan-cua-30-truong-dai-hoc-ar656830.html
391,https://vtc.vn/nhieu-dai-hoc-tang-manh-hoc-phi-cao-nhat-gan-60-trieu-nam-ar762133.html
392,https://vtc.vn/hoc-bong-10-ty-dong-cua-dh-fpt-cho-hsg-quoc-gia-ar77343.html
393,https://vtc.vn/ung-dung-mc-ao-ban-tin-dai-hoc-fpt-thu-hut-hang-nghin-nguoi-xem-ar658247.html
394,https://vtc.vn/dh-fpt-trao-200-hoc-bong-ky-tuyen-sinh-198-ar87230.html
395,https://vtc.vn/ts-dam-quang-minh-thong-bao-thoi-chuc-hieu-truong-dai-hoc-phu-xuan-ar581769.html
396,https://vtc.vn/xu-phat-78-truong-dai-hoc-tuyen-sinh-vuot-chi-tieu-ar723043.html
397,https://vtc.vn/ngam-khu-ki-tuc-xa-dai-hoc-fpt-tien-nghi-nhu-khach-san-ar89848.html
398,https://vtc.vn/khoi-cong-xay-dung-dai-hoc-fpt-o-binh-dinh-ar517602.html
399,https://vtc.vn/nu-sinh-xinh-dep-nhat-dh-fpt-diu-dang-tha-thuot-ar103069.html
400,https://vtc.vn/tieu-diem/quy-che-tuyen-sinh-dai-hoc-fpt-2018.html
401,https://vtc.vn/ty-le-sinh-vien-nhap-hoc-cao-dang-thuc-hanh-fpt-cao-khong-ngo-nam-hoc-moi-ar424634.html
402,https://vtc.vn/lo-dien-hoa-khoi-xinh-dep-cua-dai-hoc-fpt-ar210663.html
403,https://vtc.vn/ra-mat-giai-bong-da-7-nguoi-sinh-vien-tp-hcm-fpt-play-cup-2022-ar709544.html
404,https://vtc.vn/den-vau-va-dan-sao-khung-hat-chieu-dai-sinh-vien-ar672635.html
405,https://vtc.vn/nu-sinh-ghana-thi-hoa-khoi-sinh-vien-khien-dan-mang-chu-y-ar210699.html
406,https://vtc.vn/co-hoi-cuoi-cung-danh-cho-thi-sinh-ar703097.html
407,https://vtc.vn/de-xuat-chi-thi-tot-nghiep-cho-30-hoc-sinh-kem-nhat-co-kha-thi-ar487583.html
408,https://vtc.vn/nhieu-dai-hoc-giau-len-nho-tu-chu-luong-giang-vien-400-trieu-dong-nam-ar692118.html
409,https://vtc.vn/them-truong-duoc-dao-tao-lien-thong-cd-nghe-len-dai-hoc-ar119457.html
410,https://vtc.vn/dai-hoc-thu-do-cong-bo-diem-chuan-nam-2017-ar339829.html
411,https://vtc.vn/hoc-bong-60-trieu-cho-hsg-tinh-vao-truong-pho-thong-fpt-ar111883.html
412,https://vtc.vn/de-thi-cua-dh-fpt-tho-tuc-den-kho-chap-nhan-ar75049.html
413,https://vtc.vn/dai-hoc-viet-hop-tac-chien-luoc-voi-hoi-dong-anh-ar218761.html
414,https://vtc.vn/ha-noi-lap-them-khu-cach-ly-chuan-bi-ke-hoach-don-hang-chuc-nghin-nguoi-ve-nuoc-ar534998.html
415,https://vtc.vn/sinh-vien-viet-ung-dung-tri-tue-nhan-tao-lam-he-thong-nhan-dien-toi-pham-ar425803.html
416,https://vtc.vn/hieu-truong-tuyen-bo-giai-thoat-cho-sinh-vien-trong-le-tot-nghiep-gay-sot-dan-mang-ar344555.html
417,https://vtc.vn/hot-girl-cover-mang-xa-hoi-thanh-quan-quan-tai-nang-dai-hoc-fpt-mua-dau-tien-ar336647.html
418,https://vtc.vn/cao-dang-fpt-khac-biet-trong-he-thong-giao-duc-nghe-nghiep-ar626113.html
419,https://vtc.vn/hoc-bong-2-ty-dong-cho-nha-lanh-dao-niem-nang-ar271033.html
420,https://vtc.vn/dat-huy-chuong-vang-violympic-duoc-tuyen-thang-vao-dai-hoc-ar209076.html
421,https://vtc.vn/muon-do-dai-hoc-si-tu-phai-lam-gi-ar75024.html
422,https://vtc.vn/hoc-sinh-pho-thong-thi-tai-nang-tranh-hoc-bong-3-ty-dong-ar605114.html
423,https://vtc.vn/nha-tuyen-dung-nao-hap-dan-nhat-voi-sinh-vien-cong-nghe-viet-ar544574.html
424,https://vtc.vn/truong-dai-hoc-duy-nhat-o-viet-nam-co-linh-vuc-lot-top-200-the-gioi-ar637561.html
425,https://vtc.vn/thu-tuong-pham-minh-chinh-tham-truong-dai-hoc-quoc-gia-brunei-ar741210.html
426,https://vtc.vn/chatgpt-khien-cac-truong-dai-hoc-noi-tieng-tren-the-gioi-thay-doi-cach-day-ar739657.html
427,https://vtc.vn/co-hoi-chinh-phuc-duong-dua-elympics-danh-cho-hoc-sinh-thpt-ar670841.html
428,https://vtc.vn/mua-vat-the-la-roi-xuong-tuyen-quang-gia-100-trieu-dong-ar238457.html
429,https://vtc.vn/thoi-chuc-hieu-truong-dai-hoc-phu-xuan-ts-dam-quang-minh-nhan-ngay-nhiem-vu-moi-ar582389.html
430,https://vtc.vn/gan-90-sinh-vien-phai-hoc-them-tieng-anh-o-ngoai-truong-dai-hoc-ar438679.html
431,https://vtc.vn/hang-nghin-hoc-sinh-thpt-hao-hung-trai-nghiem-huong-nghiep-cung-fpt-polytechnic-ar720442.html
432,https://vtc.vn/niem-yet-hoc-phi-bang-usd-dh-fpt-bi-phat-500-trieu-ar59451.html
433,https://vtc.vn/cong-bo-hoc-bong-ho-tro-tai-nang-tre-ar148933.html
434,https://vtc.vn/cuu-giang-vien-fpt-gui-tam-thu-truyen-lua-khoi-nghiep-cho-sinh-vien-ar300456.html
435,https://vtc.vn/333-mon-sinh-vovinam-tranh-tai-tai-dat-vo-binh-dinh-ar716371.html
436,https://vtc.vn/hanh-trinh-trong-mo-den-dat-nuoc-ha-lan-cua-chang-thuc-tap-sinh-viet-ar342853.html
437,https://vtc.vn/fpt-telecom-trao-tang-phong-lab-cho-nhieu-truong-dai-hoc-ar574669.html
438,https://vtc.vn/nhai-hot-show-truyen-hinh-sinh-vien-khoe-tai-nang-khien-khan-gia-cuoi-vo-bung-ar394052.html
439,https://vtc.vn/hon-200-thi-sinh-vao-vong-2-cuoc-thi-smac-challenge-2015-ar226066.html
440,https://vtc.vn/hon-100-truong-dai-hoc-cong-bo-phuong-an-tuyen-sinh-2023-ar742632.html
441,https://vtc.vn/sinh-vien-ngoai-quoc-quay-tung-bung-tai-le-khai-giang-ar128934.html
442,https://vtc.vn/pho-thu-tuong-vu-duc-dam-xem-bieu-dien-vovinam-giao-luu-voi-sinh-vien-fpt-ar303548.html
443,https://vtc.vn/bai-van-tri-gia-200-trieu-dong-ar120021.html
444,https://vtc.vn/bo-gddt-se-khao-sat-8-ky-tuc-xa-dai-hoc-tai-ha-noi-lam-noi-cach-ly-ar534887.html
445,https://vtc.vn/tu-van-lam-the-nao-de-ket-qua-thi-dh-duoc-nhu-y-ar3116.html
446,https://vtc.vn/binz-tham-gia-music-tour-keo-dai-2-thang-cung-hang-nghin-sinh-vien-ar676206.html
447,https://vtc.vn/viet-nam-da-co-chuong-trinh-dao-tao-cao-dang-nghe-chuan-quoc-te-ar308673.html
448,https://vtc.vn/hon-200-thi-sinh-vao-vong-2-cuoc-thi-smac-challenge-2015-ar226066.html
449,https://vtc.vn/diem-san-nhan-ho-so-cua-dai-hoc-cong-nghe-tphcm-ar413601.html
450,https://vtc.vn/dai-hoc-da-nang-vo-dich-giai-bong-ro-sinh-vien-toan-quoc-2022-khu-vuc-mien-trung-ar709324.html
451,https://vtc.vn/son-tung-m-tp-beatboxer-thai-son-va-lon-xon-band-sap-khuay-dao-san-khau-dai-hoc-fpt-ar464616.html
452,https://vtc.vn/68-nha-khoa-hoc-tre-tham-tap-doan-cong-nghe-hang-dau-viet-nam-ar222492.html
453,https://vtc.vn/ts-le-truong-tung-day-cho-sinh-vien-tu-hoc-la-su-menh-cua-truong-dai-hoc-ar233414.html
454,https://vtc.vn/sinh-vien-fpt-phong-cach-voi-stop-motion-ar17817.html
455,https://vtc.vn/dien-vien-mai-thu-huyen-xuat-hien-trong-le-khai-giang-khien-sinh-vien-thich-thu-ar276999.html
456,https://vtc.vn/sinh-vien-quoc-te-tap-goi-banh-chung-don-tet-o-viet-nam-ar240720.html
457,https://vtc.vn/dan-vu-cong-hai-2d-small-river-va-mai-tinh-vi-cung-ngoi-ghe-nong-ar461740.html
458,https://vtc.vn/cuoi-vo-bung-voi-bai-hat-che-doi-linh-cua-sinh-vien-cong-nghe-ar226925.html
459,https://vtc.vn/dai-hoc-quoc-gia-ha-noi-chuyen-tru-so-lam-viec-toi-hoa-lac-ar677778.html
460,https://vtc.vn/can-tho-au-da-tai-san-bong-truong-dai-hoc-1-nguoi-thiet-mang-ar492497.html
461,https://vtc.vn/sinh-vien-nhan-bang-tot-nghiep-sep-den-tan-truong-chuc-mung-ar604950.html
462,https://vtc.vn/tieu-diem/hoc-bong.html
463,https://vtc.vn/bat-mach-he-thong-quan-tri-mien-phi-cho-doanh-nghiep-viet-ar228933.html
464,https://vtc.vn/dai-hoc-quoc-gia-ha-noi-su-dung-ket-qua-sat-tuyen-sinh-dau-vao-nam-2018-ar383130.html
465,https://vtc.vn/dau-la-noi-lam-viec-tot-nhat-cho-nganh-cong-nghe-thong-tin-nam-2020-ar576610.html
466,https://vtc.vn/nu-sinh-xinh-dep-chem-gio-7-ngon-ngu-chon-vao-hoc-vien-ngoai-giao-ar271799.html
467,https://vtc.vn/hoc-phi-va-gia-dich-vu-dao-tao-khac-nhau-the-nao-ar402840.html
468,https://vtc.vn/dh-fpt-phan-mem-thi-co-lo-hong-bao-mat-la-binh-thuong-ar69772.html
469,https://vtc.vn/dai-hoc-viet-dau-tien-xuat-khau-giao-duc-ar150639.html
470,https://vtc.vn/hoc-vien-ky-thuat-mat-ma-tuyen-sinh-750-chi-tieu-nam-2019-ar466092.html
471,https://vtc.vn/ho-tro-15-ty-dong-hoc-phi-cho-sinh-vien-chuyen-truong-ar229129.html
472,https://vtc.vn/hoc-phi-truong-thpt-tu-thuc-o-ha-noi-cao-nhat-gan-400-trieu-dong-nam-hoc-ar687837.html
473,https://vtc.vn/do-an-sinh-vien-duoc-dau-tu-200-trieu-dong-ar222839.html
474,https://vtc.vn/33000-hoc-sinh-sinh-vien-thi-khoi-nghiep-gianh-giai-thuong-gan-200-trieu-dong-ar437323.html
475,https://vtc.vn/ceo-noi-tieng-chia-se-chat-bach-khoa-den-800-sinh-vien-cong-nghe-ar224284.html
476,https://vtc.vn/hoc-phi-dai-hoc-tang-kich-tran-ap-luc-don-len-vai-sinh-vien-ar692926.html
477,https://vtc.vn/funix-hop-tac-voi-dai-hoc-hang-dau-australia-ar633146.html
478,https://vtc.vn/gs-nguyen-lan-dung-de-trinh-tiet-co-gi-tho-tuc-ar75252.html
479,https://vtc.vn/sinh-vien-dh-kinh-te-tp-hcm-hoc-tap-trung-tu-15-2-ar657421.html
480,https://vtc.vn/hot-girl-viet-nao-co-diem-thi-dai-hoc-thap-nhat-ar166983.html
481,https://vtc.vn/hoc-vien-ky-thuat-mat-ma-tuyen-sinh-750-chi-tieu-nam-2019-ar466092.html
482,https://vtc.vn/thoi-gian-cong-bo-diem-chuan-cua-cac-truong-dai-hoc-phia-bac-ar699362.html
483,https://vtc.vn/lap-ky-luc-hoc-dai-hoc-truc-tuyen-nu-sinh-lop-11-duoc-chu-tich-fpt-moi-ve-lam-viec-ar534619.html
484,https://vtc.vn/cu-ba-90-tuoi-tot-nghiep-dai-hoc-sau-71-nam-ar720136.html
485,https://vtc.vn/thu-tuong-fpt-tap-trung-phat-trien-cong-nghe-thong-tin-thiet-ke-san-xuat-chip-ar765691.html
486,https://vtc.vn/nu-sinh-xu-nghe-noi-7-thu-tieng-doat-hoc-bong-170-trieu-dong-ar246587.html
487,https://vtc.vn/giang-vien-sinh-vien-fpt-lam-clip-co-vu-tuyen-viet-nam-chien-thang-gay-sot-dan-mang-ar445862.html
488,https://vtc.vn/chuong-trinh-swinburne-viet-nam-tung-hoc-bong-gan-500-trieu-dong-chieu-mo-tai-nang-tre-ar474888.html
489,https://vtc.vn/dan-xe-tu-hanh-cua-sinh-vien-san-sang-dua-tai-tai-chung-ket-cuoc-dua-so-2018-ar398342.html
490,https://vtc.vn/truong-dai-hoc-day-sinh-vien-hoc-hat-ca-tru-danh-dan-dan-toc-ar395654.html
491,https://vtc.vn/hon-7-ty-dong-hoc-bong-thac-si-cho-lanh-dao-thoi-chuyen-doi-so-ar491816.html
492,https://vtc.vn/tieu-diem/fpt-thanh-toan-hoc-phi-bang-bitcoin.html
493,https://vtc.vn/so-lieu-bat-ngo-ty-le-dai-hoc-ngoai-cong-lap-sau-15-nam-ar295070.html
494,https://vtc.vn/100-hoc-sinh-ngheo-hoc-gioi-nhan-hoc-bong-d278203.html
495,https://vtc.vn/lap-ky-luc-hoc-dai-hoc-truc-tuyen-nu-sinh-lop-11-duoc-chu-tich-fpt-moi-ve-lam-viec-ar534619.html
496,https://vtc.vn/sinh-vien-cntt-tranh-tai-lap-trinh-quoc-gia-ar132911.html
497,https://vtc.vn/ts-le-truong-tung-tim-moi-cach-de-sinh-vien-nuoc-ngoai-sang-viet-nam-hoc-tap-ar275456.html
498,https://vtc.vn/dai-hoc-phenikaa-dat-chuan-kiem-dinh-chat-luong-giao-duc-ar570406.html
499,https://vtc.vn/hoc-bong-25-ty-dong-cho-sinh-vien-kinh-te-ky-thuat-ar131373.html
500,https://vtc.vn/nganh-cntt-gat-hai-giai-thuong-quoc-te-sinh-vien-dam-me-it-duoc-loi-gi-ar443300.html
501,https://vtc.vn/tuyen-sinh-vao-lop-6-khoi-giao-duc-fpt-bang-hinh-thuc-nao-ar406171.html
502,https://vtc.vn/ngam-sai-gon-khac-la-truoc-1975-qua-net-ve-sinh-vien-ar394920.html
503,https://vtc.vn/hon-600-sinh-vien-da-nang-trai-nghiemcong-nghe40-ar428120.html
504,https://vtc.vn/du-hoc-208/trang-7.html
505,https://vtc.vn/olympic-tin-hoc-sinh-vien-viet-nam-lan-thu-30-co-gi-dac-biet-ar667206.html
506,https://vtc.vn/de-gianh-hoc-bong-tien-si-dao-tao-tri-tue-nhan-tao-ung-vien-can-yeu-cau-gi-ar360042.html
507,https://vtc.vn/lien-tuc-dieu-chinh-quy-dinh-tuyen-sinh-dai-hoc-bo-gd-dt-ly-giai-ar740478.html
508,https://vtc.vn/sinh-vien-dh-quoc-gia-ha-noi-vo-dich-cuoc-dua-so-gianh-450-trieu-dong-ar399811.html
509,https://vtc.vn/hoc-thac-sy-quan-tri-kinh-doanh-theo-phong-cach-hollywood-ar191442.html
510,https://vtc.vn/video-sinh-vien-ha-noi-cung-hat-nhay-tiep-lua-cho-u22-viet-nam-ar515371.html
511,https://vtc.vn/cap-nhat-lich-nghi-tet-nguyen-dan-2023-cua-sinh-vien-ca-nuoc-ar710734.html
512,https://vtc.vn/thanh-tich-an-tuong-nhieu-sinh-vien-duoc-doanh-nghiep-moi-goi-du-con-dang-ngoi-tren-giang-duong-ar483064.html
513,https://vtc.vn/khong-ghi-xep-loai-tren-bang-dai-hoc-chuyen-gia-noi-gi-ar502775.html
514,https://vtc.vn/tuyen-sinh-lop-1-phu-huynh-lo-lop-hoc-dong-cac-truong-ha-noi-no-luc-giam-tai-ar556473.html
515,https://vtc.vn/nu-sinh-xinh-dep-nhat-rac-sau-moi-buoi-thi-ar264648.html
516,https://vtc.vn/son-tung-m-tp-xuat-hien-dien-trai-voi-kieu-toc-moi-khien-hang-nghin-nu-sinh-ha-thanh-thich-thu-ar466469.html
517,https://vtc.vn/sv-to-phan-mem-thi-cua-dh-fpt-bi-loi-nghiem-trong-ar69650.html
518,https://vtc.vn/ngay-hoi-khoa-hoc-quy-tu-sinh-vien-dien-gia-tu-5-quoc-gia-ar494214.html
519,https://vtc.vn/giao-su-xoay-ca-sy-dong-nhi-lam-giam-khao-cuoc-thi-chon-tai-nang-sinh-vien-ar329962.html
520,https://vtc.vn/da-co-truong-dao-tao-an-toan-thong-tin-ar128440.html
521,https://vtc.vn/truy-tim-o-to-tong-2-nam-sinh-nguy-kich-roi-tang-ga-bo-tron-ar364408.html
522,https://vtc.vn/dien-dan-207/trang-17.html
523,https://vtc.vn/thien-tai-song-the-gioi-dieu-khien-robot-tai-ha-noi-ar87758.html
524,https://vtc.vn/good-game-tro-thanh-nha-vo-dich-cuoc-thi-xe-tu-hanh-mua-4-ar587358.html
525,https://vtc.vn/diem-chuan-he-trung-cap-truong-cao-dang-canh-sat-nhan-dan-ii-nam-2016-ar277170.html
526,https://vtc.vn/khi-nao-truong-dai-hoc-mo-cua-tro-lai-ar639604.html
527,https://vtc.vn/lich-hoc-truc-tuyen-cua-59-truong-dai-hoc-ar597346.html
528,https://vtc.vn/dai-hoc-tuyen-thang-thi-sinh-21-diem-ky-thi-thpt-quoc-gia-ar219521.html
529,https://vtc.vn/thi-tot-nghiep-thpt-dot-2-thi-sinh-hep-cua-vao-dai-hoc-ar565089.html
530,https://vtc.vn/cu-trong-xoay-cong-khai-vo-sap-cuoi-ar102062.html
531,https://vtc.vn/ngoi-truong-co-nhieu-nu-sinh-cntt-tieu-bieu-nhat-nam-2016-ar295969.html
532,https://vtc.vn/ra-mat-trang-xep-hang-hoc-sinh-pho-thong-toan-quoc-ar537106.html
533,https://vtc.vn/man-nhan-man-quay-bat-chap-mua-bao-cua-hang-nghin-sinh-vien-dai-hoc-fpt-ar415208.html
534,https://vtc.vn/chang-trai-me-cong-nghe-va-cu-re-ngang-bat-ngo-ar219616.html
535,https://vtc.vn/he-thong-giao-duc-moi-nen-gop-trung-cap-vao-cao-dang-ar151417.html
536,https://vtc.vn/dai-hoc-ho-tro-quan-tri-doanh-nghiep-theo-chuan-toan-cau-ar226793.html
537,https://vtc.vn/viet-nam-gianh-giai-thuong-dao-tao-cong-nghe-thong-tin-xuat-sac-nhat-nam-2018-ar437930.html
538,https://vtc.vn/de-thi-trinh-tiet-cua-dh-fpt-ung-ho-loi-song-thoang-ar75021.html
539,https://vtc.vn/nu-sinh-ha-thanh-xuat-sac-gianh-quan-quan-cuoc-thi-tai-nang-sinh-vien-voi-thong-diep-cuu-trai-dat-ar480079.html
540,https://vtc.vn/ca-si-bao-anh-se-dot-chay-san-khau-dem-dung-do-ar414179.html
541,https://vtc.vn/thu-nghiem-cong-cu-tu-van-chon-truong-nv1-ar218555.html
542,https://vtc.vn/hoc-bong-truy-tim-thu-linh-2018-tri-gia-hon-3-ty-dong-cho-100-ca-nhan-xuat-sac-ar422570.html
543,https://vtc.vn/dai-hoc-quoc-gia-ha-noi-dung-dau-danh-sach-cac-truong-dai-hoc-tot-nhat-viet-nam-ar434044.html
544,https://vtc.vn/dai-hoc-y-khoa-pham-ngoc-thach-cong-bo-phuong-an-tuyen-sinh-2019-ar466734.html
545,https://vtc.vn/gan-100-sinh-vien-duoc-tuyen-dung-ngay-tai-le-tot-nghiep-ar218164.html
546,https://vtc.vn/dh-fpt-doat-sieu-cup-olympic-tin-hoc-svvn-2010-ar25165.html
547,https://vtc.vn/dieu-kien-nao-de-dat-hoc-bong-truy-tim-thu-linh-2019-tri-gia-10-ty-dong-ar465766.html
548,https://vtc.vn/quoc-vuong-tu-lai-chuyen-co-di-du-apec-den-tham-trung-tam-tieng-anh-o-viet-nam-ar362190.html
549,https://vtc.vn/anh-nu-sinh-ha-thanh-bay-nguoi-dam-da-khong-thua-nam-gioi-ar327346.html
550,https://vtc.vn/sinh-vien-fpt-me-hoac-voi-may-bay-khong-nguoi-lai-ar116153.html
551,https://vtc.vn/nhung-goc-song-ao-nam-ngay-trong-truong-hoc-khien-sinh-vien-viet-me-tit-ar392787.html
552,https://vtc.vn/co-hoi-viec-lam-cho-sinh-vien-nganh-du-lich-khach-san-ar226469.html
553,https://vtc.vn/nang-cap-tinh-nang-moi-cho-phan-mem-xet-tuyen-nguyen-vong-bo-sung-ar221133.html
554,https://vtc.vn/chang-trai-me-xe-dich-lay-bang-dai-hoc-o-tuoi-32-ar218346.html
555,https://vtc.vn/dai-hoc-chi-400-ty-dong-xay-dung-trung-tam-cong-nghe-ar130284.html
556,https://vtc.vn/sinh-vien-viet-nam-cuoi-co-the-chuyen-thang-sang-hoc-tai-dh-sunderland-ar337147.html
557,https://vtc.vn/chang-trai-9x-tai-nang-nhan-luong-gan-2000-usd-thang-du-chua-ra-truong-ar281232.html
558,https://vtc.vn/truong-tieu-hoc-dau-tien-o-viet-nam-dua-stem-vao-chuong-trinh-chinh-khoa-ar323402.html
559,https://vtc.vn/mien-so-tuyen-vao-trung-hoc-pho-thong-fpt-cho-hoc-sinh-duoc-giai-cap-quoc-gia-ar381453.html
560,https://vtc.vn/de-thi-qua-cac-nam-cua-dh-fpt-nhu-the-nao-ar75855.html
561,https://vtc.vn/hon-2000-thi-sinh-duoc-hoan-tra-le-phi-xet-tuyen-ar343007.html
562,https://vtc.vn/bi-quyet-chon-truong-chuan-tay-cua-sinh-vien-kinh-te--tai-chinh-ar400899.html
563,https://vtc.vn/chang-trai-ngheo-truong-chuyen-le-quy-don-nhan-hoc-bong-350-trieu-dong-ar214895.html
564,https://vtc.vn/da-co-dai-hoc-som-du-chung-ket-lap-trinh-the-gioi-ar136629.html
565,https://vtc.vn/chu-tich-fpt-truong-gia-binh-trao-hoc-bong-mba-2018-cho-nhung-thu-linh-tuong-lai-ar404792.html
566,https://vtc.vn/dai-hoc-truc-tuyen-dau-tien-tai-viet-nam-muon-thi-phai-dat-du-8-cau-hoi-ar242385.html
567,https://vtc.vn/truong-dai-hoc-dau-tien-khai-giang-nam-2017-ar337154.html
568,https://vtc.vn/cuoi-vo-bung-khi-nam-sinh-bien-thanh-nu-trong-dem-chung-ket-ladies-by-night-ar355416.html
569,https://vtc.vn/sinh-vien-lam-clip-hai-huoc-co-vu-u23-viet-nam-khien-dan-mang-thich-thu-ar378037.html
570,https://vtc.vn/hotgirl-quyen-barbie-ung-ho-de-thi-trinh-tiet-ar75368.html
571,https://vtc.vn/nhieu-nguoi-du-hoc-khong-ve-lanh-dao-dia-phuong-can-tran-tro-ar234604.html
572,https://vtc.vn/thi-sinh-fpt-bat-ngo-voi-de-thi-trinh-tiet-ar74861.html
573,https://vtc.vn/nhung-phong-trao-la-tai-trong-truong-dai-hoc-ar8404.html
574,https://vtc.vn/nhung-nu-sinh-dep-nhat-dh-fpt-khoe-ca-tinh-ar106065.html
575,https://vtc.vn/16-doanh-nghiep-cong-nghe-den-fpt-tuyen-quan-ar123335.html
576,https://vtc.vn/xu-phuc-tham-cuu-chu-tich-aic-nguyen-thi-thanh-nhan-ar784279.html
577,https://vtc.vn/cach-phoi-do-voi-ao-ba-lo-khien-nam-gioi-ngau-va-chat-trong-nhung-ngay-he-ar772181.html
578,https://vtc.vn/lu-lut-chua-tung-co-trong-100-nam-can-quet-mien-bac-italia-ar784316.html
579,https://vtc.vn/hot-girl-ong-nghiem-nhan-hoc-bong-280-trieu-dong-ar258124.html
580,https://vtc.vn/hon-1-ty--dong-hoc-bong-tai-nang-tre-fpt-ar81502.html
581,https://vtc.vn/trieu-hoi-loat-sieu-xe-bentley-tai-viet-nam-ar784246.html
582,https://vtc.vn/sinh-vien-dai-hoc-viet-xep-ngang-hang-dh-stanford-cambridge-ar162152.html
583,https://vtc.vn/pho-thu-tuong-vu-duc-dam-sinh-vien-phai-co-khat-vong-thay-doi-the-gioi-ar303613.html
584,https://vtc.vn/lo-dien-quan-quan-olympic-tin-hoc-sinh-vien-viet-nam-2014-ar180148.html
585,https://vtc.vn/tam-giu-nhieu-gom-su-nghi-co-vat-o-vung-bien-quang-ngai-ar783652.html
586,https://vtc.vn/gs-ngo-bao-chau-tuong-lai-nam-trong-tay-nhung-nguoi-am-hieu-toan-hoc-ar303754.html
587,https://vtc.vn/thanh-nien-trung-quoc-mua-sap-cung-sinh-vien-viet-nam-ar229750.html
588,https://vtc.vn/sinh-vien-indonesia-sap-sang-viet-nam-hoc-ar124706.html
589,https://vtc.vn/chang-trai-bai-liet-do-thu-khoa-dai-hoc-ar175769.html
590,https://vtc.vn/ung-dung-giup-98-sinh-vien-dang-ky-hoc-phan-thanh-cong-ar253834.html
591,https://vtc.vn/giao-duc/tra-cuu-diem-thi-thpt-quoc-gia-2016-ca-cac-thi-sinh-cung-ho-ar267651.html
592,https://vtc.vn/thoi-tiet-ngay-22-5-bac-va-trung-bo-nang-nong-40-do-c-truoc-khi-don-mua-dong-ar784296.html
